-- phpMyAdmin SQL Dump
-- version 4.9.2
-- https://www.phpmyadmin.net/
--
-- Servidor: 127.0.0.1
-- Tiempo de generación: 18-02-2020 a las 23:11:43
-- Versión del servidor: 10.4.10-MariaDB
-- Versión de PHP: 7.1.33

SET SQL_MODE = "NO_AUTO_VALUE_ON_ZERO";
SET AUTOCOMMIT = 0;
START TRANSACTION;
SET time_zone = "+00:00";


/*!40101 SET @OLD_CHARACTER_SET_CLIENT=@@CHARACTER_SET_CLIENT */;
/*!40101 SET @OLD_CHARACTER_SET_RESULTS=@@CHARACTER_SET_RESULTS */;
/*!40101 SET @OLD_COLLATION_CONNECTION=@@COLLATION_CONNECTION */;
/*!40101 SET NAMES utf8mb4 */;

--
-- Base de datos: `turnero`
--

-- --------------------------------------------------------

--
-- Estructura de tabla para la tabla `atencion`
--

CREATE TABLE `atencion` (
  `id` int(11) NOT NULL,
  `turno` varchar(5) COLLATE utf8_spanish2_ci NOT NULL,
  `idCaja` int(11) NOT NULL,
  `idUsuario` int(11) NOT NULL,
  `atendido` int(11) NOT NULL,
  `fechaAtencion` datetime NOT NULL,
  `idTurno` int(11) NOT NULL
) ENGINE=MyISAM DEFAULT CHARSET=utf8 COLLATE=utf8_spanish2_ci;

--
-- Volcado de datos para la tabla `atencion`
--

INSERT INTO `atencion` (`id`, `turno`, `idCaja`, `idUsuario`, `atendido`, `fechaAtencion`, `idTurno`) VALUES


-- --------------------------------------------------------

--
-- Estructura de tabla para la tabla `cajas`
--

CREATE TABLE `cajas` (
  `id` int(11) NOT NULL,
  `nombre` varchar(10) COLLATE utf8_spanish2_ci NOT NULL,
  `idUsuario` int(11) NOT NULL,
  `fecha_de_registro` datetime NOT NULL
) ENGINE=MyISAM DEFAULT CHARSET=utf8 COLLATE=utf8_spanish2_ci;

--
-- Volcado de datos para la tabla `cajas`
--

INSERT INTO `cajas` (`id`, `nombre`, `idUsuario`, `fecha_de_registro`) VALUES
(1, 'Caja 1', 8, '0000-00-00 00:00:00'),
(2, 'Caja 2', 9, '0000-00-00 00:00:00'),
(3, 'Caja 3', 10, '0000-00-00 00:00:00'),
(4, 'Caja 4', 11, '0000-00-00 00:00:00'),
(5, 'Caja 5', 12, '2020-02-14 17:27:38');

-- --------------------------------------------------------

--
-- Estructura de tabla para la tabla `info_empresa`
--

CREATE TABLE `info_empresa` (
  `id` int(11) NOT NULL,
  `logo` varchar(100) COLLATE utf8_spanish2_ci NOT NULL,
  `nombre` varchar(100) COLLATE utf8_spanish2_ci NOT NULL,
  `direccion` varchar(100) COLLATE utf8_spanish2_ci NOT NULL,
  `telefono` varchar(100) COLLATE utf8_spanish2_ci NOT NULL,
  `correo` varchar(100) COLLATE utf8_spanish2_ci NOT NULL,
  `fecha_actualizacion` datetime NOT NULL
) ENGINE=MyISAM DEFAULT CHARSET=utf8 COLLATE=utf8_spanish2_ci;

--
-- Volcado de datos para la tabla `info_empresa`
--

INSERT INTO `info_empresa` (`id`, `logo`, `nombre`, `direccion`, `telefono`, `correo`, `fecha_actualizacion`) VALUES
(1, 'img/49550310_598832710562102_5995102219237874750_n.jpg', 'Banco SA de CV', 'Av principal no 23', '12-34-56-78', 'banco@gmail.com', '2020-02-14 17:28:10');

-- --------------------------------------------------------

--
-- Estructura de tabla para la tabla `noticias`
--

CREATE TABLE `noticias` (
  `id` int(11) NOT NULL,
  `noticia` varchar(255) COLLATE utf8_spanish2_ci NOT NULL,
  `fecha` datetime NOT NULL
) ENGINE=MyISAM DEFAULT CHARSET=utf8 COLLATE=utf8_spanish2_ci;

-- --------------------------------------------------------

--
-- Estructura de tabla para la tabla `turnos`
--

CREATE TABLE `turnos` (
  `id` int(11) NOT NULL,
  `turno` varchar(5) COLLATE utf8_spanish2_ci NOT NULL,
  `atendido` int(11) NOT NULL,
  `fechaRegistro` datetime NOT NULL
) ENGINE=MyISAM DEFAULT CHARSET=utf8 COLLATE=utf8_spanish2_ci;

--
-- Volcado de datos para la tabla `turnos`
--

INSERT INTO `turnos` (`id`, `turno`, `atendido`, `fechaRegistro`) VALUES
(94, '021', 2, '2018-01-10 03:23:05'),
(93, '020', 1, '2018-01-10 03:23:04'),
(92, '019', 1, '2018-01-10 03:23:03'),
(91, '018', 1, '2018-01-10 03:22:43'),
(90, '017', 2, '2018-01-10 03:22:42'),
(89, '016', 2, '2018-01-10 03:22:02'),
(88, '015', 1, '2018-01-10 03:03:00'),
(87, '014', 1, '2018-01-10 03:02:58'),
(86, '013', 2, '2018-01-09 19:04:56'),
(85, '012', 2, '2018-01-09 19:02:21'),
(84, '011', 2, '2018-01-08 17:42:57'),
(83, '010', 2, '2018-01-08 17:40:29'),
(82, '009', 2, '2018-01-08 17:39:20'),
(81, '008', 1, '2018-01-08 17:36:43'),
(80, '007', 1, '2018-01-08 17:36:13'),
(76, '003', 4, '2018-01-08 17:33:56'),
(78, '005', 1, '2018-01-08 17:34:40'),
(79, '006', 4, '2018-01-08 17:35:54'),
(77, '004', 4, '2018-01-08 17:34:05'),
(74, '001', 1, '2018-01-08 17:31:10'),
(75, '002', 1, '2018-01-08 17:33:12'),
(95, '022', 2, '2018-01-10 03:23:37'),
(96, '023', 1, '2018-01-10 03:43:09'),
(97, '024', 1, '2018-01-10 03:43:10'),
(98, '025', 2, '2018-01-10 03:44:35'),
(99, '026', 2, '2018-01-10 03:44:37'),
(100, '027', 3, '2018-01-10 03:45:20'),
(101, '028', 3, '2018-01-10 03:45:21'),
(102, '029', 3, '2018-01-10 03:51:45'),
(103, '030', 3, '2018-01-10 03:51:46'),
(104, '031', 3, '2018-01-10 03:52:31'),
(105, '032', 3, '2018-01-10 03:52:31'),
(106, '033', 3, '2018-01-10 03:52:58'),
(107, '034', 3, '2018-01-10 03:53:00'),
(108, '035', 3, '2018-01-10 04:00:09'),
(109, '036', 3, '2018-01-10 04:00:09'),
(110, '037', 3, '2018-01-10 04:01:15'),
(111, '038', 3, '2018-01-10 04:01:15'),
(112, '039', 3, '2018-01-10 04:01:58'),
(113, '040', 3, '2018-01-10 04:06:30'),
(114, '041', 3, '2018-01-10 04:06:31'),
(115, '042', 3, '2018-01-10 05:58:42'),
(116, '043', 3, '2018-01-10 07:17:42'),
(117, '044', 3, '2018-01-10 07:21:00'),
(118, '045', 3, '2018-01-10 07:21:20'),
(119, '046', 3, '2018-01-10 07:22:27'),
(120, '047', 3, '2018-01-10 07:22:47'),
(121, '048', 3, '2018-01-10 07:25:00'),
(122, '049', 3, '2018-01-10 07:26:54'),
(123, '050', 3, '2018-01-10 07:26:55'),
(124, '051', 3, '2018-01-10 07:29:48'),
(125, '052', 3, '2018-01-10 07:29:49'),
(126, '053', 3, '2018-01-10 07:29:49'),
(127, '054', 3, '2018-01-10 07:29:59'),
(128, '055', 3, '2018-01-11 01:31:33'),
(129, '056', 3, '2018-01-11 01:33:00'),
(130, '057', 3, '2018-01-11 01:33:00'),
(131, '058', 3, '2018-01-11 01:33:00'),
(132, '059', 3, '2018-01-11 01:38:18'),
(133, '060', 3, '2018-01-11 01:38:19'),
(134, '061', 3, '2018-01-11 01:40:44'),
(135, '062', 3, '2018-01-11 01:40:44'),
(136, '063', 3, '2018-01-11 01:40:44'),
(137, '064', 3, '2018-01-11 01:44:21'),
(138, '065', 3, '2018-01-11 01:44:21'),
(139, '066', 3, '2018-01-11 01:44:22'),
(140, '067', 3, '2018-01-11 01:44:22'),
(141, '068', 3, '2018-01-11 01:45:17'),
(142, '069', 3, '2018-01-11 01:45:17'),
(143, '070', 3, '2018-01-11 01:49:19'),
(144, '071', 3, '2018-01-11 01:49:19'),
(145, '072', 3, '2018-01-11 01:49:19'),
(146, '073', 3, '2018-01-11 01:50:45'),
(147, '074', 3, '2018-01-11 01:50:45'),
(148, '075', 3, '2018-01-11 01:50:46'),
(149, '076', 3, '2018-01-11 01:50:46'),
(150, '077', 3, '2018-01-11 01:53:26'),
(151, '078', 3, '2018-01-11 01:53:27'),
(152, '079', 3, '2018-01-11 01:53:27'),
(153, '080', 3, '2018-01-11 01:53:29'),
(154, '081', 3, '2018-01-11 01:56:56'),
(155, '082', 2, '2018-01-11 01:56:57'),
(156, '083', 4, '2018-01-11 01:56:57'),
(157, '084', 4, '2018-01-11 01:56:57'),
(158, '085', 2, '2018-01-11 01:56:58'),
(159, '086', 2, '2018-01-11 01:56:59'),
(160, '087', 4, '2018-01-11 01:56:59'),
(161, '088', 2, '2018-01-11 01:56:59'),
(162, '089', 2, '2018-01-11 01:56:59'),
(163, '090', 4, '2018-01-11 01:57:00'),
(164, '091', 4, '2018-01-11 03:23:27'),
(165, '092', 4, '2018-01-11 03:23:28'),
(166, '093', 4, '2018-01-11 03:23:28'),
(167, '094', 2, '2018-01-11 03:23:28'),
(168, '095', 2, '2018-01-11 03:23:28'),
(169, '096', 4, '2018-01-11 03:23:29'),
(170, '097', 4, '2018-01-11 03:23:29'),
(171, '098', 4, '2018-01-11 03:23:29'),
(172, '099', 2, '2018-01-11 03:23:29'),
(173, '100', 2, '2018-01-11 03:23:30'),
(174, '101', 4, '2018-01-11 03:23:30'),
(175, '102', 4, '2018-01-11 03:28:02'),
(176, '103', 4, '2018-01-11 03:28:02'),
(177, '104', 4, '2018-01-11 03:28:03'),
(178, '105', 2, '2018-01-11 03:28:04'),
(179, '106', 4, '2018-01-11 03:28:04'),
(180, '107', 4, '2018-01-11 03:28:05'),
(181, '108', 4, '2018-01-11 03:28:05'),
(182, '109', 2, '2018-01-11 03:28:06'),
(183, '110', 2, '2018-01-11 03:28:07'),
(184, '111', 4, '2018-01-11 04:01:22'),
(185, '112', 4, '2018-01-11 04:01:23'),
(186, '113', 4, '2018-01-11 04:01:23'),
(187, '114', 2, '2018-01-11 04:01:24'),
(188, '115', 4, '2018-01-11 04:01:25'),
(189, '116', 4, '2018-01-11 04:06:19'),
(190, '117', 4, '2018-01-11 04:06:20'),
(191, '118', 4, '2018-01-11 04:06:20'),
(192, '119', 4, '2018-01-11 04:06:20'),
(193, '120', 4, '2018-01-11 04:06:21'),
(194, '121', 4, '2018-01-11 04:06:21'),
(195, '122', 2, '2018-01-11 04:06:22'),
(196, '123', 4, '2018-01-11 04:06:22'),
(197, '124', 4, '2018-01-11 04:06:23'),
(198, '125', 4, '2018-01-11 04:06:24'),
(199, '126', 4, '2018-01-11 04:06:24'),
(200, '127', 4, '2018-01-11 04:06:25'),
(201, '128', 4, '2018-01-11 04:06:25'),
(202, '129', 4, '2018-01-11 04:06:26'),
(203, '130', 4, '2018-01-11 04:06:26'),
(204, '131', 4, '2018-01-11 04:15:17'),
(205, '132', 2, '2018-01-11 04:15:17'),
(206, '133', 4, '2018-01-11 04:15:18'),
(207, '134', 4, '2018-01-11 04:15:18'),
(208, '135', 2, '2018-01-11 04:15:19'),
(209, '136', 4, '2018-01-11 04:19:28'),
(210, '137', 4, '2018-01-11 04:19:28'),
(211, '138', 4, '2018-01-11 04:19:29'),
(212, '139', 4, '2018-01-11 04:19:29'),
(213, '140', 4, '2018-01-11 04:19:29'),
(214, '141', 2, '2018-01-11 04:19:29'),
(215, '142', 4, '2018-01-11 04:19:30'),
(216, '143', 4, '2018-01-11 04:19:30'),
(217, '144', 2, '2018-01-11 04:19:30'),
(218, '145', 2, '2018-01-11 04:27:24'),
(219, '146', 4, '2018-01-11 04:27:24'),
(220, '147', 4, '2018-01-11 04:27:24'),
(221, '148', 4, '2018-01-11 04:27:25'),
(222, '149', 4, '2018-01-11 04:27:25'),
(223, '150', 4, '2018-01-11 04:27:25'),
(224, '151', 4, '2018-01-11 04:27:25'),
(225, '152', 4, '2018-01-11 04:27:26'),
(226, '153', 4, '2018-01-11 04:27:26'),
(227, '154', 4, '2018-01-11 04:27:26'),
(228, '155', 4, '2018-01-11 04:27:26'),
(229, '156', 4, '2018-01-11 04:27:27'),
(230, '157', 4, '2018-01-11 04:27:27'),
(231, '158', 4, '2018-01-11 04:27:28'),
(232, '159', 4, '2018-01-11 04:27:29'),
(233, '160', 4, '2018-01-11 04:27:30'),
(234, '161', 4, '2018-01-11 07:24:51'),
(235, '162', 4, '2018-01-11 07:24:51'),
(236, '163', 4, '2018-01-11 07:24:51'),
(237, '164', 4, '2018-01-11 07:24:52'),
(238, '165', 4, '2018-01-11 07:24:53'),
(239, '166', 4, '2018-01-11 07:24:53'),
(240, '167', 4, '2018-01-11 07:24:54'),
(241, '168', 4, '2018-01-11 07:24:54'),
(242, '169', 4, '2018-01-11 07:24:55'),
(243, '170', 4, '2018-01-11 07:24:55'),
(244, '171', 4, '2018-01-11 07:24:56'),
(245, '172', 4, '2018-01-11 07:24:56'),
(246, '173', 4, '2018-01-11 07:24:56'),
(247, '174', 4, '2018-01-11 07:24:57'),
(248, '175', 4, '2018-01-11 07:24:57'),
(249, '176', 4, '2018-01-11 07:24:57'),
(250, '177', 4, '2018-01-11 07:24:57'),
(251, '178', 4, '2018-01-11 07:24:58'),
(252, '179', 4, '2018-01-11 07:24:58'),
(253, '180', 4, '2018-01-11 07:24:58'),
(254, '181', 4, '2018-01-11 07:24:59'),
(255, '182', 4, '2018-01-11 07:24:59'),
(256, '183', 4, '2018-01-11 07:24:59'),
(257, '184', 4, '2018-01-11 07:24:59'),
(258, '185', 4, '2018-01-11 07:25:00'),
(259, '186', 4, '2018-01-11 07:25:00'),
(260, '187', 4, '2018-01-11 07:25:00'),
(261, '188', 4, '2018-01-11 07:25:01'),
(262, '189', 4, '2018-01-11 07:25:02'),
(263, '190', 4, '2018-01-11 07:25:02'),
(264, '191', 4, '2018-01-11 07:25:03'),
(265, '192', 4, '2018-01-11 08:01:57'),
(266, '193', 4, '2018-01-11 08:01:57'),
(267, '194', 4, '2018-01-11 08:01:58'),
(268, '195', 4, '2018-01-11 08:01:58'),
(269, '196', 4, '2018-01-11 08:01:58'),
(270, '197', 4, '2018-01-11 08:01:58'),
(271, '198', 4, '2018-01-11 08:01:59'),
(272, '199', 4, '2018-01-11 08:01:59'),
(273, '200', 4, '2018-01-11 08:02:00'),
(274, '201', 4, '2018-01-11 08:02:00'),
(275, '202', 4, '2018-01-11 08:02:00'),
(276, '203', 4, '2018-01-11 08:02:00'),
(277, '204', 4, '2018-01-11 08:02:01'),
(278, '205', 4, '2018-01-11 08:02:01'),
(279, '206', 4, '2018-01-11 08:02:01'),
(280, '207', 4, '2018-01-11 08:02:02'),
(281, '208', 4, '2018-01-11 08:02:02'),
(282, '209', 4, '2018-01-11 08:02:02'),
(283, '210', 4, '2018-01-11 08:02:04'),
(284, '211', 4, '2018-01-11 08:36:18'),
(285, '212', 4, '2018-01-11 08:36:19'),
(286, '213', 4, '2018-01-11 08:36:19'),
(287, '214', 4, '2018-01-11 08:36:19'),
(288, '215', 4, '2018-01-11 08:36:20'),
(289, '216', 4, '2018-01-11 08:36:20'),
(290, '217', 4, '2018-01-11 08:36:20'),
(291, '218', 4, '2018-01-11 08:36:21'),
(292, '219', 4, '2018-01-11 08:36:21'),
(293, '220', 4, '2018-01-11 08:36:22'),
(294, '221', 4, '2018-01-11 08:39:58'),
(295, '222', 4, '2018-01-11 08:39:59'),
(296, '223', 4, '2018-01-11 08:39:59'),
(297, '224', 4, '2018-01-11 08:39:59'),
(298, '225', 4, '2018-01-11 08:40:00'),
(299, '226', 2, '2018-01-11 08:40:00'),
(300, '227', 2, '2018-01-11 08:40:00'),
(301, '228', 4, '2018-01-11 08:40:00'),
(302, '229', 2, '2018-01-11 08:40:01'),
(303, '230', 4, '2018-01-11 08:40:01'),
(304, '231', 4, '2018-01-11 08:40:01'),
(305, '232', 2, '2018-01-11 08:40:01'),
(306, '233', 2, '2018-01-11 08:40:02'),
(307, '234', 4, '2018-01-11 08:40:02'),
(308, '235', 4, '2018-01-11 08:40:02'),
(309, '236', 4, '2018-01-11 08:40:03'),
(310, '237', 4, '2018-01-11 08:40:03'),
(311, '238', 4, '2018-01-11 08:40:03'),
(312, '239', 2, '2018-01-11 08:40:04'),
(313, '240', 2, '2018-01-11 08:40:04'),
(314, '241', 2, '2018-01-11 08:40:04'),
(315, '242', 2, '2018-01-11 08:40:04'),
(316, '243', 4, '2018-01-11 08:40:04'),
(317, '244', 4, '2018-01-11 08:40:05'),
(318, '245', 4, '2018-01-11 08:40:05'),
(319, '246', 4, '2018-01-11 08:40:05'),
(320, '247', 4, '2018-01-11 08:40:06'),
(321, '248', 2, '2018-01-11 08:40:06'),
(322, '249', 4, '2018-01-11 08:40:06'),
(323, '250', 4, '2018-01-11 08:40:07'),
(324, '251', 2, '2018-01-11 08:40:08'),
(325, '252', 2, '2018-01-11 08:40:09'),
(326, '253', 4, '2018-01-11 08:40:10'),
(327, '254', 2, '2018-01-11 08:40:10'),
(328, '255', 2, '2018-01-11 08:40:11'),
(329, '256', 4, '2018-01-11 08:40:13'),
(330, '257', 4, '2018-01-11 08:40:14'),
(331, '258', 2, '2018-01-11 08:40:14'),
(332, '259', 4, '2018-01-11 08:40:15'),
(333, '260', 4, '2018-01-11 08:40:16'),
(334, '261', 2, '2018-01-11 21:52:55'),
(335, '262', 2, '2018-01-11 21:52:55'),
(336, '263', 4, '2018-01-11 21:52:56'),
(337, '264', 4, '2018-01-11 21:52:56'),
(338, '265', 4, '2018-01-11 21:52:57'),
(339, '266', 4, '2018-01-11 21:52:57'),
(340, '267', 2, '2018-01-11 21:52:57'),
(341, '268', 4, '2018-01-11 21:52:57'),
(342, '269', 4, '2018-01-11 21:52:58'),
(343, '270', 4, '2018-01-11 21:52:58'),
(344, '271', 2, '2018-01-11 21:52:58'),
(345, '272', 2, '2018-01-11 21:52:59'),
(346, '273', 2, '2018-01-11 21:52:59'),
(347, '274', 4, '2018-01-11 21:52:59'),
(348, '275', 4, '2018-01-11 21:53:00'),
(349, '276', 2, '2018-01-11 21:53:00'),
(350, '277', 4, '2018-01-11 21:53:00'),
(351, '278', 2, '2018-01-11 21:53:01'),
(352, '279', 4, '2018-01-11 21:53:01'),
(353, '280', 4, '2018-01-11 21:53:01'),
(354, '281', 2, '2018-01-11 22:38:20'),
(355, '282', 2, '2018-01-11 22:38:21'),
(356, '283', 2, '2018-01-11 22:38:21'),
(357, '284', 2, '2018-01-11 22:38:23'),
(358, '285', 4, '2018-01-11 22:38:23'),
(359, '286', 4, '2018-01-11 22:38:24'),
(360, '287', 2, '2018-01-11 22:38:25'),
(361, '288', 2, '2018-01-11 22:38:25'),
(362, '289', 4, '2018-01-11 22:38:26'),
(363, '290', 2, '2018-01-11 22:38:27'),
(364, '291', 4, '2018-01-11 22:38:27'),
(365, '292', 2, '2018-01-11 22:38:28'),
(366, '293', 4, '2018-01-11 22:38:29'),
(367, '294', 4, '2018-01-11 22:38:29'),
(368, '295', 2, '2018-01-11 22:38:30'),
(369, '296', 2, '2018-01-11 22:38:30'),
(370, '297', 4, '2018-01-11 22:38:31'),
(371, '298', 4, '2018-01-11 22:38:32'),
(372, '299', 4, '2018-01-11 22:38:32'),
(373, '300', 2, '2018-01-11 22:38:33'),
(374, '301', 4, '2018-01-12 17:27:48'),
(375, '302', 4, '2018-01-12 17:28:23'),
(376, '303', 4, '2018-01-12 17:32:09'),
(377, '304', 4, '2018-01-12 17:32:38'),
(378, '305', 4, '2018-01-12 17:32:40'),
(379, '001', 1, '2018-01-13 06:21:34'),
(380, '002', 1, '2018-01-13 06:22:54'),
(381, '001', 1, '2018-01-13 07:18:30'),
(382, '002', 1, '2018-01-13 07:19:29'),
(383, '000', 1, '2018-01-13 07:31:38'),
(384, '001', 1, '2018-01-26 00:18:40'),
(385, '000', 1, '2018-01-26 00:21:39'),
(386, '001', 1, '2018-01-26 00:21:46'),
(387, '002', 1, '2018-01-26 00:22:08'),
(388, '003', 4, '2018-01-26 00:22:09'),
(389, '004', 4, '2018-01-26 00:30:55'),
(390, '005', 1, '2018-01-26 00:30:55'),
(391, '006', 4, '2018-01-26 00:30:55'),
(392, '007', 1, '2018-01-26 00:30:55'),
(393, '008', 1, '2018-01-26 00:30:56'),
(394, '009', 2, '2018-01-26 00:30:57'),
(395, '010', 2, '2018-01-28 02:13:07'),
(396, '011', 2, '2018-01-28 02:13:08'),
(397, '012', 2, '2018-01-28 02:13:42'),
(398, '013', 2, '2018-01-28 02:13:43'),
(399, '014', 1, '2018-01-28 02:13:43'),
(400, '015', 1, '2018-01-28 02:13:43'),
(401, '016', 2, '2018-01-28 02:21:23'),
(402, '017', 2, '2018-01-28 02:21:24'),
(403, '018', 1, '2018-01-28 02:21:24'),
(404, '019', 1, '2018-01-28 02:21:26'),
(405, '020', 1, '2018-01-28 02:21:27'),
(406, '021', 2, '2018-01-28 02:22:01'),
(407, '022', 2, '2018-01-28 02:22:03'),
(408, '023', 1, '2018-01-28 02:22:05'),
(409, '024', 1, '2018-01-28 02:22:09'),
(410, '025', 2, '2018-01-28 02:22:10'),
(411, '026', 2, '2018-01-28 02:22:15'),
(412, '000', 1, '2019-06-27 23:54:31'),
(413, '001', 1, '2019-06-28 16:19:00'),
(414, '002', 1, '2019-06-28 16:19:08'),
(415, '003', 4, '2019-06-28 16:19:10'),
(416, '004', 4, '2019-06-28 16:19:11'),
(417, '000', 1, '2019-06-28 16:22:51'),
(418, '001', 1, '2020-02-13 22:38:52'),
(419, '002', 1, '2020-02-13 22:44:09'),
(420, '003', 4, '2020-02-13 23:12:54'),
(421, '004', 4, '2020-02-13 23:13:48'),
(422, '005', 1, '2020-02-13 23:21:41'),
(423, '006', 4, '2020-02-13 23:22:05'),
(424, '007', 1, '2020-02-13 23:22:09'),
(425, '008', 1, '2020-02-13 23:22:36'),
(426, '000', 1, '2020-02-14 06:15:31'),
(427, '001', 1, '2020-02-14 06:20:43'),
(428, '000', 1, '2020-02-14 06:21:32'),
(429, '000', 1, '2020-02-14 06:22:28'),
(430, '001', 1, '2020-02-14 06:22:53'),
(431, '002', 1, '2020-02-14 06:25:37'),
(432, '003', 4, '2020-02-14 06:28:30'),
(433, '004', 4, '2020-02-14 06:28:51'),
(434, '000', 1, '2020-02-14 06:58:11'),
(435, '001', 1, '2020-02-14 07:04:08'),
(436, '002', 1, '2020-02-14 07:04:20'),
(437, '003', 4, '2020-02-14 07:04:23'),
(438, '004', 4, '2020-02-14 07:04:54'),
(439, '005', 1, '2020-02-14 07:04:56'),
(440, '000', 0, '2020-02-14 17:28:21'),
(441, '000', 0, '2020-02-14 17:28:26');

-- --------------------------------------------------------

--
-- Estructura de tabla para la tabla `usuarios`
--

CREATE TABLE `usuarios` (
  `id` int(11) NOT NULL,
  `usuario` varchar(50) COLLATE utf8_spanish2_ci NOT NULL,
  `password` varchar(255) COLLATE utf8_spanish2_ci NOT NULL,
  `idCaja` int(11) NOT NULL,
  `fecha_alta` datetime NOT NULL,
  `fecha_actualizacion` datetime NOT NULL
) ENGINE=MyISAM DEFAULT CHARSET=utf8 COLLATE=utf8_spanish2_ci;

--
-- Volcado de datos para la tabla `usuarios`
--

INSERT INTO `usuarios` (`id`, `usuario`, `password`, `idCaja`, `fecha_alta`, `fecha_actualizacion`) VALUES
(9, 'laura', '680e89809965ec41e64dc7e447f175ab', 2, '2018-01-11 03:04:27', '0000-00-00 00:00:00'),
(8, 'oscar', 'f156e7995d521f30e6c59a3d6c75e1e5', 1, '2018-01-11 03:04:16', '0000-00-00 00:00:00'),
(10, 'rocio', '325daa03a34823cef2fc367c779561ba', 3, '2018-01-11 03:04:58', '0000-00-00 00:00:00'),
(11, 'patricio', '295299b687749528c9a9e551d11e17ea', 4, '2018-01-11 03:05:07', '0000-00-00 00:00:00'),
(12, 'Alberto', '177dacb14b34103960ec27ba29bd686b', 5, '2020-02-14 17:27:56', '0000-00-00 00:00:00');

--
-- Índices para tablas volcadas
--

--
-- Indices de la tabla `atencion`
--
ALTER TABLE `atencion`
  ADD PRIMARY KEY (`id`);

--
-- Indices de la tabla `cajas`
--
ALTER TABLE `cajas`
  ADD PRIMARY KEY (`id`);

--
-- Indices de la tabla `info_empresa`
--
ALTER TABLE `info_empresa`
  ADD PRIMARY KEY (`id`);

--
-- Indices de la tabla `noticias`
--
ALTER TABLE `noticias`
  ADD PRIMARY KEY (`id`);

--
-- Indices de la tabla `turnos`
--
ALTER TABLE `turnos`
  ADD PRIMARY KEY (`id`);

--
-- Indices de la tabla `usuarios`
--
ALTER TABLE `usuarios`
  ADD PRIMARY KEY (`id`);

--
-- AUTO_INCREMENT de las tablas volcadas
--

--
-- AUTO_INCREMENT de la tabla `atencion`
--
ALTER TABLE `atencion`
  MODIFY `id` int(11) NOT NULL AUTO_INCREMENT, AUTO_INCREMENT=405;

--
-- AUTO_INCREMENT de la tabla `cajas`
--
ALTER TABLE `cajas`
  MODIFY `id` int(11) NOT NULL AUTO_INCREMENT, AUTO_INCREMENT=6;

--
-- AUTO_INCREMENT de la tabla `info_empresa`
--
ALTER TABLE `info_empresa`
  MODIFY `id` int(11) NOT NULL AUTO_INCREMENT, AUTO_INCREMENT=2;

--
-- AUTO_INCREMENT de la tabla `noticias`
--
ALTER TABLE `noticias`
  MODIFY `id` int(11) NOT NULL AUTO_INCREMENT;

--
-- AUTO_INCREMENT de la tabla `turnos`
--
ALTER TABLE `turnos`
  MODIFY `id` int(11) NOT NULL AUTO_INCREMENT, AUTO_INCREMENT=442;

--
-- AUTO_INCREMENT de la tabla `usuarios`
--
ALTER TABLE `usuarios`
  MODIFY `id` int(11) NOT NULL AUTO_INCREMENT, AUTO_INCREMENT=13;
COMMIT;

/*!40101 SET CHARACTER_SET_CLIENT=@OLD_CHARACTER_SET_CLIENT */;
/*!40101 SET CHARACTER_SET_RESULTS=@OLD_CHARACTER_SET_RESULTS */;
/*!40101 SET COLLATION_CONNECTION=@OLD_COLLATION_CONNECTION */;
